question,answer,question_id,chinese_1,chinese_2,chinese_3,chinese_4,chinese_5,chinese_6,chinese_7,chinese_8,chinese_9,chinese_10,chinese_11,chinese_12,chinese_13,chinese_14,chinese_15,chinese_16,chinese_17,chinese_18,chinese_19,chinese_20,afghan_1,afghan_2,afghan_3,afghan_4,afghan_5,afghan_6,afghan_7,afghan_8,afghan_9,afghan_10,afghan_11,afghan_12,afghan_13,nepali_1,nepali_2,nepali_3,nepali_4,nepali_5,nepali_6,nepali_7,nepali_8,nepali_9,nepali_10,nepali_11,nepali_12,nepali_13,maori_1,maori_2,maori_3,maori_4,maori_5,maori_6,maori_7,maori_8,maori_9,maori_10,maori_11,maori_12,maori_13,maori_14,maori_15,maori_16,maori_17,maori_18,maori_19,burmese_1,burmese_2,burmese_3,burmese_4,burmese_5,burmese_6,burmese_7,burmese_8,burmese_9,burmese_10,burmese_11,burmese_12,burmese_13,burmese_14,burmese_15,vietnamese_1,vietnamese_2,vietnamese_3,vietnamese_4,vietnamese_5,vietnamese_6,vietnamese_7,vietnamese_8,vietnamese_9,vietnamese_10,vietnamese_11,vietnamese_12,vietnamese_13,vietnamese_14,vietnamese_15,topics
how do i stop smoking now,stopping smoking is about will power and being steadfast. you can stop safely by having bupropion or nicotine patch cover initially in consult with a doctor. contact an addiction clinic near you. wishing you best of health thanks,0,True,True,True,True,True,True,True,True,True,True,True,True,True,True,True,True,True,False,False,True,True,True,True,True,True,True,True,True,True,True,True,True,True,True,True,True,True,True,True,True,True,True,True,True,True,True,True,True,True,True,True,True,True,True,True,True,True,True,True,True,True,True,True,False,True,True,True,True,True,True,True,True,True,True,True,True,True,True,True,True,True,True,True,True,True,True,True,True,True,True,True,True,True,True,True,['Addiction']
"I am having problem with dandruff. My scalp is oily. I am losing hair and I feel that I will become bald. I used Candid-TV, but it did not help. Please advice",for severe dandruff you should take oral medicines apart from topical treatment. consider taking tablet ketoconazole 200 mg once daily for two weeks and apply candid b lotion (clotrimazole) on the affected scalp twice daily. as far as shampoo is concerned use shampoo containing ketoconazole every alternate day to start with and then taper slowly as you feel improvement. shampoo has to be used for a long time as dandruff and hairfall is a chronic disease. avoid oiling your scalp. for further information consult a dermatologist online --> <link>,136,True,True,True,True,True,True,True,True,True,True,True,True,False,True,True,True,True,False,False,True,True,True,True,True,True,False,True,True,True,True,True,True,True,True,True,True,True,True,True,True,True,True,True,True,True,True,True,True,True,True,True,True,True,True,True,True,True,True,True,True,True,True,True,False,True,True,True,True,True,True,True,True,True,True,True,True,True,True,False,True,True,True,True,True,False,True,True,True,True,True,True,True,True,True,True,['Skin & Hair']
is there a way to get monolids? (naturally),monolid or mono eyelid or epicanthic fold (technical term) is a single eyelid instead of double eyelids. this pattern of eyelids is usually a genetic inheritence (by birth) and there is no other way to acquire it naturally. epicanthic fold or monolid is believed to have evolved in order to provide defense from the extreme cold and extreme light that occur in eurasian arctic and northern regions. they also protect eyes against dust in areas of deserts such as of northern china and mongolia and some parts of africa. monolid is seen naturally in - - mongoloid asians - europeans (scandinavians poles germans the irish and british. ) and - africans you can consult a cosmetic surgeon and seek a opinion if you are interested in it. i hope this helps.,4,True,True,True,True,False,True,True,True,False,True,True,True,False,True,True,True,True,True,False,True,True,True,True,True,False,True,True,True,True,True,True,True,True,True,True,True,True,True,True,True,True,False,True,False,True,True,True,True,True,True,True,True,True,False,True,True,False,True,True,True,True,True,True,False,True,True,True,True,True,True,True,True,True,False,True,True,True,False,False,True,True,True,True,True,False,True,True,True,False,True,True,False,True,True,True,['Skin & Hair']
"I am 21 years old. I have bad acne and acne scars. Also, my skin has become dark. Please help me",as you are 21 year old the acne is mainly due to hormonal changes. as far as scars are concerned do not peel or squeeze your acne. the scars which are already present can be lightened off. for acne try herbal things at home because the cause is very important. as your hormones will get balanced with age the acne will start reducing. take turmeric and sandalwood powder and add rose water to it. make a paste and apply this paste early in the morning. after 10 minutes wash it off gently with water and wipe your face with a soft cotton towel. for scars i suggest you apply aloe vera gel on them twice a day. this will help in lighting them. use mild herbal face wash and do not use harsh soap for face. avoid going directly in sunlight apply sunscreen before going outside. avoid taking the stress avoid excessive spicy and junk food caffeinated drinks etc. drink plenty of liquids and take fresh fruits and vegetables. however if acne is due to some infection then you need to visit a nearby dermatologist otherwise hormonal related acne problem will settle down with time. for further information consult an ayurveda specialist online --> <link>,81,True,True,True,True,True,True,True,True,True,True,True,True,True,True,False,True,True,False,True,True,True,True,True,True,True,True,True,True,True,True,True,True,True,True,True,True,True,True,True,True,True,True,True,True,True,True,True,True,True,True,True,True,True,True,True,True,True,True,True,True,True,True,True,False,True,True,True,True,True,True,True,True,True,True,True,True,True,True,False,True,True,True,True,True,False,True,True,True,True,True,True,True,True,True,False,['Skin & Hair']
"I have one red spot on my right hand, which is a fungal infection. Sometimes, it will grow in other body parts like stomach or legs, but then automatically disappears in 2 to 3 days. I am so worried. What to do? What is the treatment for this?",have you applied any creams? do you have a history of diabetes or hypertension? in the case of a fungal infection you can try using onabet (sertaconazole) cream or episert (sertaconazole) cream or dk gel (miconazole) twice a day. but if there is a recurrence then oral antifungal medications should be considered. please send images so i can suggest some medicines. revert with more information to a dermatologist online --> <link>,69,True,True,True,True,True,True,True,True,True,True,True,True,True,True,True,True,True,False,True,True,True,True,True,True,True,True,True,True,True,True,True,True,True,True,True,True,True,True,True,True,True,True,True,True,True,True,True,True,True,True,True,True,True,True,True,True,True,True,True,True,True,True,True,False,True,True,True,True,True,False,True,True,True,True,True,True,True,True,True,True,True,True,True,True,False,True,True,True,True,True,True,True,True,True,True,['Skin & Hair']
"I am 20 years old. I am sexually inactive for a year now. I am having some issues with my body parts. I had a film around my clitoris that came back often after washing it. In the past few days, I have been experiencing yeast infection symptoms. So today I got an over-the-counter medication for it. I inserted the tablet and it is being only for 12 hours. When I went to the washroom white fluid came pouring out. I have never got treated for yeast infection before. So, I was just wondering if that was normal. My current medication is only birth control pill. Please explain me",the fungal vaginal pessary usually dissolves intravaginal. you may experience some vaginal discharge mixed whitish fluid which can be candidial infection and also some amount of dissolved medication. i suggest you to wash yourself with alkaline vaginal wash and then re-insert the tablet at night again and continue for at least six nights. consult your doctor discuss with him or her and take the medicine with their consent. for further information consult an obstetrician and gynaecologist online --> <link>,70,True,True,True,True,True,True,True,True,True,True,True,True,True,True,True,True,True,False,False,True,True,True,True,True,True,True,True,True,True,True,True,True,True,True,True,True,True,True,True,True,True,True,True,True,True,True,True,True,True,True,True,True,True,True,True,False,True,True,True,True,True,True,True,False,True,True,True,True,True,True,True,True,False,False,True,True,True,True,False,True,True,True,True,True,True,True,True,True,True,True,True,True,True,True,False,['Skin & Hair']
"I am a 25 year old male. I am 6'1"" tall and I weigh 170 pounds. Often I get red cysts of some sort on my face beneath the skin that take a while to heal. I have oily skin, and get whiteheads as well. I have fluid filled boil like lesions on my face. I have been to a few dermatologists and one of them said that I have rosacea. 
I do not believe that I am allergic to any food. I take more than enough of my vitamins and minerals. I eat very healthy and do not mess around with any junk food. I do not smoke or drink.
I am a writer, and I tend to sit down a lot, for the majority of the day. I do not have triggers that make me flush. I am beginning to suspect that I do not have rosacea.
My skin is not really sensitive. I am not sure if I have the regular acne as other people do. 
Is it any other skin disorder?
Please help",rosacea is a skin disorder that affects people above 30 years. other than acne like lesions people with rosacea have redness of face and dry skin associated with burning sensation. they also have redness and irritation in the eyes. the redness of the face is aggravated by triggering factors such as weather changes stress alcohol consumption exercise and spicy food. yours clinical condition is not rosacea since your history is contradicting with the above said information. you seem to have acne. the cysts are a part of acne. acne varies in severity from individual to individual. some may have mild acne which may come off and on. others may have almost incessant eruption of acne which may leave behind post acne hyperpigmentation and acne scars. for acne you need to be constantly taking care care of your skin until the tendency for new acne formation dies down. topical treatment of acne mainly revolves around topical antibacterials (clindamycin gel or nadifloxacin gel) benzoyl peroxide and topical retinoids. topical retinoids are comedolytic thereby preventing new acne. for inflammatory acne (papules and pustules) i advise to start with one of the oral antibiotics either azithromycin doxycycline or minocycline. cystic acne is an indication for starting oral retinoids. they are the most effective drugs for acne and are usually first choice in severe acne or cystic acne or moderately severe acne or acne not responding adequately to traditional anti-acne medications or acne significantly affecting the quality of life of patients regardless of severity. you could also take a few peeling sessions like salicylic acid peels from a dermatologist. salicylic acid peels are specific for acne. acne is a recurrent condition and once your acne is brought under good control with oral and topical anti-acne medicines you should still continue to use a cream/gel (topical retinoid) for maintenance of improvement. topical retinoids are ideal for maintenance of improvement because they are comedolytic as well as anti-inflammatory thereby preventing the formation of new acne. for further follow up consult a dermatologist online --> <link>,93,True,True,True,True,True,True,True,True,True,True,True,True,False,True,True,True,True,False,True,True,True,True,True,True,False,True,True,True,True,True,True,True,True,True,True,True,True,True,True,True,True,False,True,True,True,False,True,True,True,True,True,True,True,True,True,True,True,True,True,True,True,True,True,False,True,True,True,True,False,False,True,True,True,True,True,True,True,True,True,True,True,True,True,True,False,True,True,True,True,True,True,True,True,True,False,['Skin & Hair']
"I have been advised to take Zincofer-XT tablet, but this is not available anywhere. Actually, my total iron binding capacity (TIBC) was 450, transferrin saturation was 10.29 and MCHC was 36.8. However, this tablet is not available anywhere. Can you recommend an alternative with the details regarding the time and the duration for which it has to be taken?",as this drug is composed of iron supplement and folic acid you can take any available iron and folic acid supplement even as two separate medications. you can take it in the morning with orange juice to increase iron absorption. for further information consult an internal medicine physician online --> <link>,186,True,True,True,True,False,True,True,True,True,True,True,False,False,True,True,True,True,False,True,True,True,True,True,True,True,True,True,True,True,True,True,True,True,True,True,True,True,True,True,True,True,True,True,False,True,True,True,True,True,True,True,True,True,True,True,True,True,True,True,True,True,True,True,False,True,True,True,True,True,True,True,True,False,False,True,True,True,True,True,True,True,True,True,True,True,True,True,True,True,True,True,False,True,True,True,['Diet & Lifestyle']
"I am 20 years old and got married a year ago. I had a problem with water bubbles formed up in my uterus and causing irregular periods. I used Folvite and Cystelia 35 for three months. Now, the doctor has given the following tablets and informed that I could get pregnant if I use those medicines. They are Ovasafe, Duphaston and Folvite. However, I would like to delay my pregnancy to two more months. Can I continue the tablets? Is there any harm in using the medicine if I plan to delay my pregnancy?",these medications are very safe. i suggest you folic acid supplements as it has to be taken three months before planning to for pregnancy. you can discontinue ovasafe and duphaston till you want to plan for pregnancy. but you can continue folic acid supplements. even if you take the medications there is no harm. the only thing could be that your chance of pregnancy will be high. as you do not want to get pregnant for the next months you can avoid those two medications. for further information consult an obstetrician and gynaecologist online --> <link>,185,True,True,True,True,False,True,True,True,True,True,True,True,True,True,True,True,True,False,False,True,True,True,True,True,True,True,True,True,True,True,True,True,True,True,True,True,True,True,True,True,True,True,True,False,True,True,True,True,True,True,True,True,True,True,True,True,True,True,True,True,True,True,True,False,True,True,True,True,True,True,True,True,False,False,True,True,True,False,True,True,True,True,True,True,True,True,True,True,True,True,True,True,True,True,False,['Diet & Lifestyle']
"I am 31 year old, who has mild concentric left ventricular hypertrophy and grade 2 diastolic dysfunction. I was alcoholic and used to smoke from past five years, but now I quit. I am on Nebivolol 5 mg and Amlodipine 2.5 mg medication. The diastolic blood pressure was on the higher side, so I quit smoking five days back. Now my blood pressure is around 130-135/90-100 mmHg. I do not have kidney damage, my creatine is 0.88, thyroid is normal, and I am not diabetic. I currently take Nebistar SA. I am obese and my total cholesterol is 213. Will mild concentric LVH regress with diet and exercise?",do not worry completely stop smoking and alcohol forever. do not restart again as it will adversely affect your health. i suggest you try taking these following medicines. consult your specialist doctor discuss with him or her and start taking the medicines after their consent. tablet aztor 10 (atorvastatin) once daily after dinner. tablet cardace 2. 5 (ramipril) one tablet before breakfast this will bring down your blood pressure. your target blood pressure should be 120/80 mmhg. avoid fried fatty salty and spicy food. we will review after two months. revert after two months to a cardiologist online --> <link>,75,True,True,True,True,True,True,True,True,True,True,True,True,False,True,False,True,True,False,True,True,True,True,True,True,False,True,True,True,True,True,True,True,True,True,True,True,False,True,True,True,True,False,True,False,True,True,True,True,True,True,True,True,True,True,True,True,True,True,True,True,True,True,True,False,True,True,True,True,True,False,True,True,True,True,True,True,True,True,True,True,True,True,True,True,False,True,True,True,True,True,True,True,True,True,False,['Diet & Lifestyle']
"age: 20 gender: male height: 5\'6"" weight: anorexic build of 55 kg. caloric maintain: 1800 i wish to rebuild up to 60 kg but through a slow process so i can enjoy eating a bit more whilst ensuring health and safety. last year i went through a binge stage of lots of junk eating. on a daily basis i was having chocolate lollies kfc for lunch a large mocha and big cookie and much more fatty (and half disgusting) food. it took four months to put just 6 kg on. well the past two weeks i have been eating more and calories etc but i have happened to place 2 kg on already. i am sure it\'s body weight and not water retention / sodium levels. (lately i have had high sodium consumption though). i would like some advice to a slow gain so i can gain 5 kg by september",thinness and fitness are two different things. one can be thin and yet fit whereas one can be fat and unhealthy. what is important is that the weight should not be below the normal percentile for your age waist circumference and height. if that is the case the probably you do not eat well. if you eat well you may be having worms in the stool. hence a stool test is a must. if your family in general is thin and skinny there is nothing much you can do about it. even without genetic predominance some people are light weight. the other factors are presence of diseases like diabetes hyperthyroidism tuberculosis poor diet eating disorders malabsorption syndromes and cancers. you can consult your doctor regarding this and eliminate these causes of low weight. if all is fine consult a nutrition expert and build up a good diet program. a physical fitness trainer then can help you gain some muscle mass. however do not go for this unless the medical causes are ruled out because you may need to modify the diet and exercise program according to the problem you have. hope this helps. take care!,9,True,True,True,True,False,True,True,True,True,True,True,True,False,True,True,True,True,False,True,True,True,True,True,True,False,False,True,True,True,True,True,True,True,True,True,True,True,True,True,True,True,False,True,False,True,False,True,True,True,True,True,True,True,True,True,True,True,True,True,True,True,True,True,False,True,True,True,True,True,False,True,True,True,True,True,True,True,True,False,True,True,True,True,True,True,True,True,True,True,True,True,True,True,True,False,['Diet & Lifestyle']
I am in the 25th week of pregnancy. I want a normal delivery. Will exercise or diet help me in normal delivery?,the following aid in normal delivery: your stature must be tall. there should be adequate pelvis. the baby should be in vertex position. this can be predicted only when you cross 37 weeks. you can have a normal diet and regular antenatal exercises till then. yoga also helps but you are too early in pregnancy to predict the same. for further follow up consult a gynaecologist online --> <link>,80,True,True,True,True,True,True,True,True,True,True,True,True,True,True,True,True,True,False,True,True,True,True,True,True,True,True,True,True,True,True,True,True,True,True,True,True,True,True,True,True,True,True,True,False,True,True,True,True,True,True,True,True,True,True,True,True,True,True,True,True,True,True,True,False,True,True,True,True,True,True,True,True,True,False,True,True,True,True,True,True,True,True,True,True,True,True,True,True,True,True,True,False,True,True,False,['Diet & Lifestyle']
"I am a 23 year old obese boy. My weight is 110 kg and I feel myself unfit. I want to start practicing yoga for weight loss. But, I do not know anything about yoga. I want to know, how to meditate and relax our body and mind?",as per the data your weight is too high for an individual. you need to rebuild your lifestyle by giving time to exercise and yogic techniques. especially fast rounds of suryanamaskara will help you with your problems. start slowly and day by day increase the speed of practice. also you can practice some dynamic yogic techniques along with it for faster effects. along with yogic asanas dieting also helps you to get rid of your problems. cut down the carbohydrates like rice and use finger millet and include plenty of fruits and vegetables in your diet. try to consume lemon honey and water daily morning in an empty stomach. please do not consume any fast food or junk food to lose weight. the main thing is that you need to be active in your day-to-day life. give enough time to workout and running meditation is nothing but controlling your mind which ultimately relaxes your mind and body. a relaxed mind will always have a healthy body. you can try practicing nadi shuddhi pranayama for nine rounds as a basic step. later on will proceed further. while practicing pranayama you have to completely concentrate on your breathing pattern and the changes that happening in the body. the probable causes:lifestyle changes. investigations to be done:bmi (body mass index). treatment plan:suryanamskara diet plan - lemon and honey juice consume more fruits and vegetable instead of rice and fast food meditation and pranayama. preventive measures:yogasanas workout running exercises and diet. regarding follow up:for further doubts consult a yoga specialist online. ---> <link>,187,True,True,True,True,True,True,True,True,True,True,True,True,False,True,True,True,True,False,False,True,True,True,True,True,False,True,True,True,True,True,True,True,True,True,True,True,True,True,True,True,True,False,True,False,True,False,True,True,True,True,True,True,True,True,True,True,True,True,True,True,True,True,True,False,True,True,True,True,True,False,True,True,True,True,True,True,True,True,True,True,True,True,True,True,True,True,True,True,True,True,True,True,True,True,False,['Diet & Lifestyle']
"i had been with my husband for a total of almost 10 yrs but we were only married for almost 3 yrs. my husband recently had an affair. he had the affair with this women for only 1 mth b4 i found out and so i kicked him out. he has only been seeing this girl since feb. but yet moved in with her right away. he not only left me but also our 2 yr old son. he claims that he does not love me anymore. how can he just move on with someone else like that and throw away all our history? i feel deep down that he still loves me because i see it in his eyes. i just feel that he thinks the ""grass is greener"" with her. how do i cope since he's been gone now for 3 months and i feel its getting harder and harder. he just recently picked up the rest of his things on our 3rd year anniversary. i just cant help but feel he's made a mistake",i sorry about your marriage but it seem to me that you love him more than he loves you. you can consult a marriage adviser and a lawyer. you can also ask for help from a psychologist or other mental health professional in order to air your feelings about the situation.,13,True,True,True,True,True,True,True,True,True,True,True,True,True,True,True,True,True,False,False,True,True,True,True,True,True,True,True,False,True,True,True,False,True,True,True,True,True,True,True,True,True,True,True,False,True,True,True,True,True,True,True,True,True,True,True,True,False,True,True,True,False,True,True,False,True,True,True,True,True,True,True,True,True,True,True,True,True,True,True,True,True,True,True,True,True,True,True,True,True,True,True,True,True,True,True,['Relationships']
"Anxiety is every day of my life. Rarely getting small breaks without anxiety. It has been 10 years now. Panic attacks do come. Taking xanax .05 mg 1-3 day. 26years/male, height: 5'9"", weight: 80Kg. Please help",with your brief description it appears that you are suffering with some anxiety disorder most probably generalized anxiety disorder. the drug you are taking is neither sufficient nor appropriate when we are having a lots of safer and more effective drugs currently. i assure you that you can get rid of most of the anxiety symptoms with proper treatment. as you have the chronic problem you need to consult a psychiatrist online --> <link>,190,True,True,True,True,True,True,True,True,True,True,True,True,True,True,True,True,True,False,False,True,True,True,True,True,True,True,True,True,True,True,True,True,True,True,True,True,True,True,True,True,True,False,True,False,True,False,True,True,True,True,True,True,True,True,True,True,True,True,True,True,True,True,True,False,True,True,True,True,True,True,True,True,True,True,True,True,True,True,True,True,True,True,True,True,True,True,True,True,True,True,True,True,True,True,False,['Mental Health']
after i argue with my girlfriend if i am emotionally hurt i get a chest pain until i feel better. during this time i don't want to eat anything. sometimes it can be for a few hours or a day. when i told her about this she told me that i am a weak person and depressed and should see a doctor. is she right about that?,the symptoms that you are having are due to anxiety attacks rather than depression. symptoms of anxiety neurosis include sweating headaches nausea muscle tension muscle aches trembling and hot flashes. psychologic counselling helps a lot. anti anxiety medicines are needed only when the symptoms persist even after psychologic counselling. indulgence in yoga and meditation also helps. you should consult a psychiatrist and get it evaluated. it is very difficult to precisely confirm a diagnosis without examination and investigations and the answer is based on the medical information provided. for exact diagnosis you are requested to consult your doctor. i sincerely hope that helps. take care.,37,True,True,True,True,True,True,True,True,True,True,True,True,True,True,True,True,True,False,False,True,True,True,True,True,False,True,True,True,True,True,True,True,True,True,True,True,True,True,True,True,True,False,True,False,True,True,True,True,True,True,True,True,True,True,True,True,True,True,True,True,True,True,True,False,True,True,True,True,True,True,True,True,True,True,True,True,True,True,True,True,True,True,True,True,True,True,True,True,True,True,True,True,True,True,True,['Mental Health']
"I am suffering from anxiety and panic attacks for the last 3 years.
I went to a neurologist 2 years back and he advised me to take REXIPRA 10 for 3 months, SOLTUS 50 for 6 months, HEMIDAP PLUS for 9 months & ZEPAM .5 for 12 months. Upon following these medications, I was improving but was not absolutely fine. And after 1 year I visited the same doctor again and he advised me to take ZEPAM .5, REXIPRA 5 & AMIXIDE.
Now I am absolutely feeling restless, sleep deprived and very anxious.
When I leave these medicine, I feel addicted and I am in immediate need of it.
Absolute anxiety and nervousness, high pulse rate and high BP.
I am not able to understand whether I am suffering from a neurological or a psychological problem.
Should I consult a neurologist or a psychiatrist?
25 years/ male, height 6 feet, weight 70 kg.
Please help",i read your query and understood your concern. as per your diagnosis of anxiety and panic attacks there should be no doubt whether you need neurologist or psychiatrist. both these conditions come under the domain of psychiatrist and they are more able to treat these conditions. other than anxiety and panic attacks you have got addiction problem because of the wrong use of medicines. in my view there is no role of soltus in case of anxiety and panic attacks. if you feel fine with an online psychiatry consultation session (via phone or video chat) then i will be happy to help you. you con contact me by either putting a detailed query or booking an online consultation.,173,True,True,True,True,False,True,True,True,True,True,True,True,True,True,True,True,True,False,False,True,True,True,True,True,False,True,True,True,True,True,True,True,True,True,True,True,True,True,True,True,True,False,True,False,True,False,True,True,True,True,True,True,True,True,True,True,True,True,True,True,True,True,True,False,True,True,True,True,True,True,True,True,True,True,True,True,True,True,True,True,True,True,True,True,True,True,True,True,True,True,True,True,True,True,False,['Mental Health']
why do i feel so down when someone makes fun of my dyslexia?,depression is common with any comorbid illness. you should not feel bad. we all have our weak spots. just talk to a psychotherapist and let them help. i hope it helps. stay in touch with your healthcare provider for further guidance as our answers are just for education and counselling purposes and cannot be an alternative to actual visit to a doctor. take care khan,41,True,True,True,True,True,True,False,True,False,False,True,True,False,True,False,True,True,False,False,True,True,True,True,True,False,True,True,False,True,True,True,False,True,True,True,True,True,True,True,True,True,False,True,False,True,True,True,True,True,True,True,True,True,True,True,True,False,True,True,True,False,True,True,False,True,True,True,True,True,True,True,True,True,True,True,True,True,False,False,True,True,True,True,True,True,True,True,True,True,True,True,True,True,False,True,['Mental Health']
"I feel that different people have different types of nature. For example, holding a pen to write. There is a difference between people holding a pen while writing. I always assume that it determines the knowledge of mine. If I hold a pen like my class topper, I assume that I will become topper too. I want to get rid of this thought. How can I overcome this problem?",i read your query and understand your concerns. although we assume in one or the other way but it is not like that. the fact is first someone becomes topper successful and then his style are appreciated leading to wider recognition. we as a society focus more on successful people and try to imitate them in the way of writing or dressing but it is not the style which makes somebody a topper. it is the hard work and intelligence that make you topper. i mean to say that things are in different order. like successful person leads to the identification of his style. so you definitely need to get into how you can achieve something rather than trying to imitate others. do not have much spare time to engage in these thoughts and have some work which helps you in achieving something. whenever you are alone try to connect with friends and family. use stop technique. just say stop loudly when you feel there are excessive thoughts. for further information consult a psychologist counsellor online --> <link>,166,True,True,True,True,True,True,True,True,True,True,True,True,False,True,True,True,True,False,False,True,True,True,True,True,False,True,True,False,True,False,True,True,True,True,True,True,True,True,True,True,True,False,True,True,True,True,True,True,True,True,True,True,True,True,True,True,False,True,True,True,True,True,True,False,True,True,True,True,True,True,True,True,True,True,True,True,True,False,True,True,True,True,True,True,True,True,True,True,True,True,True,True,True,True,True,['Mental Health']
hello i have a question concerning add/adhd. i have always procrastinated since i was little and it wasn't a very big deal until i got into late high school. i am now in college and cannot muster up the motivation to do work i know i have to do. i know i have the intelligence to get the work done better and faster than i am completing it but i usually lose focus after 20-30 minutes into the assignment and get distracted by anything that is slightly more interesting. this has always been the case since i can remember. my question is do you think this is a legitimate reason for me to go seek medical help? and if so how do i bring it up without appearing to be a bum college student looking for a fix? any insight you could give me on the matter would be greatly appreciated,i am very sorry to know about your medical problems. but without a proper medical history and complete physical examination and psychiatric assessment it would not be possible to assess your situation. hence it would be recommended to consult with your doctor and seek proper medical help.,38,True,True,True,True,False,True,True,True,True,True,True,True,True,True,True,True,True,False,False,True,True,True,True,True,True,True,True,True,True,True,True,True,True,True,True,True,True,True,True,True,True,False,True,False,True,True,True,True,True,True,True,True,True,True,True,True,True,True,True,True,True,True,True,False,True,True,True,True,True,True,True,True,True,True,True,True,True,True,True,True,True,True,True,True,True,True,True,True,True,True,True,True,True,True,False,['Mental Health']
"I missed my period 18 days back. As the pregnancy test was positive had one tablet from MTP kit 15 days back. The same day night 2 tablets were given vaginally. On the next day, 2 tablets were given orally. Still I have not got my periods",you have already taken all the tablets but unfortunately you have taken it wrongly. the second dose of 2 tablets of misoprostol were to be taken after 36 hours and not before. the remaining two should have taken after 6 hours of the previous 2. now you must wait for the bleeding and abdominal cramps to initiate on its own in next 48 hours. if the bleeding does not ensue in next 48 hours then get an ultrasound pelvis done to reascertain an intrauterine pregnancy or whether it is an ectopic pregnancy. if intrauterine then safely a surgical abortion can be performed under ultrasound guidance by a gynecologist. there is no role of repeating the kit again. for further information consult an obstetrician and gynaecologist online --> <link>,161,True,True,True,True,True,True,True,True,True,True,True,True,True,True,True,True,True,False,False,True,True,True,True,True,True,True,True,True,True,False,True,True,True,True,True,True,True,True,True,True,True,True,True,True,True,True,True,True,True,True,True,True,True,True,True,False,True,True,True,True,True,True,True,True,True,True,True,True,True,True,True,True,False,False,True,True,True,True,True,True,True,True,True,True,True,True,True,True,True,True,True,True,True,True,True,['Reproductive Health']
"I had unprotected sex with my boy friend two days before my actual period, at around 5pm. I took an i-pill within one hour after sex i.e, before 6 pm. It is three days more than my actual period date and I still have not got my periods. What are my chances of getting pregnant? Are there high risks involved in getting pregnant since I had unprotected sex 2 days before my period date? Should I do a pregnancy test? If yes then what tests should I do and when is the right time to do? What should I do? Please advise as I am worried. How many days should I wait, since today is the 3rd day and I still have not got my periods? Please help",please do not be worried. you have done a right thing by taking i-pill within 72 hours of last sexual intercourse. you were not likely to menstruate on your actual due date simply because it takes about 5-7 days for bleeding to occur after taking i-pill. it is also a known side effect of i-pill that the following menses may be delayed or may be heavy. in case periods do not resume in the next 10 days then you must do a urine pregnancy test to rule out pregnancy. if the test comes as negative then please do not take any medication. just wait for your periods to return till then practise barrier contraception. if the test is positive which is unlikely though keeping in mind that i-pill does not cause any congenital abnormalities in fetus you would need to make an informed decision as to continue or terminate the pregnancy (which can be done by medical methods in early first trimester after ultrasound scan confirmation). things can be tackled at each step. so please do not panic stress per se can delay your menses further. try to keep yourself relaxed. consult a gynaecologist online for further follow up --> <link>,189,True,True,True,True,False,True,True,True,True,True,True,True,True,True,True,True,True,False,False,True,True,True,True,True,True,True,True,False,True,False,True,True,True,True,True,True,True,True,True,True,True,True,True,False,True,True,True,True,True,True,True,True,True,True,True,False,True,True,True,True,True,True,True,False,True,True,True,True,True,True,True,True,True,True,True,True,True,False,True,True,True,True,True,True,True,True,True,True,True,True,True,True,True,True,False,['Reproductive Health']
"I am 32 years old married male. Since two years I am suffering from premature ejaculation. I tried to control it, but did not get better result. My wife is very much unsatisfied. How to cure this issue?",as you know that the first thing in medicine is establishing a diagnosis which is correct. so i would like to ask you a few questions. did you consult a psychiatrist before this consultation for your problem? since when have you been married? was this problem since marriage? or there was a time of normality between marriage and start of this problem? if there was a time of normality then what was its duration? is erection proper? what is the frequency of intercourse? do you have this problem of premature ejaculation every time you do sexual intercourse? do you suffer from any medical or psychiatric problem? if yes then what and since when? are there any medications which you are taking? if yes what and since when? what is the approximate time you take to ejaculate after penetration? do you feel tense or anxious during sexual intercourse? how is your general health and nutritional status? are you addicted to any substances? do you have any family history of medical or psychiatric problem? revert back with the answers for the above questions to a sexologist online --> <link>,51,True,True,True,True,True,True,True,True,True,True,True,True,True,True,True,True,True,False,False,True,True,True,True,True,True,True,True,True,True,True,True,True,True,True,True,True,True,True,True,True,True,True,True,True,True,False,True,True,True,True,True,True,True,True,True,True,True,True,True,True,True,True,True,False,True,True,True,True,True,True,True,True,True,True,True,True,True,True,True,True,True,True,True,True,True,True,True,True,True,True,True,True,True,True,False,['Reproductive Health']
"I am 23 years old and mostly likely anemic. Before two months, my period lasted longer than normal and the bleeding stopped after 8 to 10 days. My last period started on the correct date and I am still bleeding. I thought it was finished after my normal five day streak, but I leaked blood all over my clothes unexpectedly a day or two later. I did not think much of it and just used tampons until I was sure it was done. I had sex with my boyfriend and discovered that I was still very much bleeding. The strangest thing is the odor graduated from that bloody smell to a foul odor and the color changed on my tampon. It ranges from dark brown to yellowish to green with dabs of bright red. It is also only drawn into two particular places on the tampon, the right and just a small spot in the left center. The tampon is also never drenched in blood; it is a light flow just in those two areas. I am not experiencing any kind of pain or discomfort at all. I have only had unprotected sex with my boyfriend for two years. I know for a fact that he has not had any other sexual partners. I have always been regular, but this is the first time I have ever experienced this",you can bleed more sometimes due to irregular menses because of hormonal (chemical) levels of your body and its effect. but you can bleed also due to cervical erosions and infection there. i personally never recommend tampons. because your menstrual blood contains some bacteria and pathogens which can infect. and when you use tampons due to the collected blood it gives a media to growth of that bacteria. the body can resist infection up to a limit and as the limit crosses you get signs and symptoms of infection for which you may have to take treatment. now in your case foul-smelling discharge and discoloration of the discharge are the signs of infection. now i have to see actually where the infection is. so best consult your nearby gynecologist. let him see where the infection is and what type of discharge actually is. and if required then send the discharge for examination. by this we will know the type of infection and can give treatment accordingly. most probably you are having history which seems to be likely bacterial vaginosis. it is a mixed infection. you will need to take the antibiotic course for 10 to 15 days and follow some precautions to avoid recurrence. now as far as antibiotics are concerned i have to see the first type and nature of discharge and smell. so better get consulted nearby for that. kindly keep up the following precautions: do not use tampons. use pads and change more frequently during menses. keep the area around the vagina as dry as possible especially during menses. change underwear more frequently if required. use cotton underwear if possible. drink more water as your urine becomes clear. do clean vaginal area and immediately after urination and after every time you do sex. these will help to avoid recurrence. and firstly complete the drug course to completely eradicate the infection. for further information consult an obstetrician and gynaecologist online --> <link>,112,True,True,True,True,True,True,True,True,True,True,True,True,True,True,True,True,True,False,False,True,True,True,True,True,True,True,True,True,True,False,True,True,True,True,True,True,True,True,True,True,True,True,True,False,True,True,True,True,True,True,True,True,True,True,True,False,True,True,True,True,True,True,True,False,True,True,True,True,True,True,True,True,False,False,True,True,True,True,True,True,True,True,True,True,True,True,True,True,True,False,True,True,True,True,False,['Reproductive Health']
"I got my last period before three months. I have not gotten my periods ever since. I had protected intercourse twice before two months. However, I have no symptom and all the pregnancy tests are negative. Also, I have missed my period the same way, even before once and my cycle is generally longer than 35 days. I am taking homeopathy to induce periods along with some natural home remedies. I was on birth control pills for about three to four months last year",in your case if pregnancy test has been negative even till date then you are surely not pregnant. the delay and irregularity need to be evaluated and investigated to rule out pcos (polycystic ovarian disease) hypothyroidism or hyperprolactinemia which are the most common reasons for oligomenorrhea in young women. for further information consult an obstetrician and gynaecologist online --> <link>,157,True,True,True,True,True,True,True,True,True,True,True,True,True,True,True,True,True,False,False,True,True,True,True,True,True,True,True,True,True,True,True,True,True,True,True,True,True,True,True,True,True,True,True,False,True,True,True,True,True,True,True,True,True,True,True,True,True,True,True,True,True,True,True,False,True,True,True,True,True,True,True,True,True,True,True,True,True,True,False,True,True,True,True,True,True,True,True,True,True,True,True,True,True,True,True,['Reproductive Health']
I am 36 years old. I am taking Sysron NCR 10 mg for heavy bleeding. I had unprotected sex on the 12th day of my periods. How to prevent my pregnancy?,sysron ncr (norethisterone) is basically a hormone which is used to control heavy bleeding during periods. i am afraid that sysron ncr does not have any contraceptive action in it. you must take precautions to not get pregnant during its use. your partner can use barrier methods like condoms. you can also try oral contraceptive pills which will also bring down the flow during your period. it will act in two ways. contraception regularizing your cycle and bringing down flow. you must take doctor's advise before starting any new drug. for further information consult an obstetrician and gynaecologist online --> <link>,124,True,True,True,True,True,True,True,True,True,True,True,True,True,True,True,True,True,False,False,True,True,True,True,True,True,True,True,True,True,False,True,True,True,True,True,True,True,True,True,True,True,True,True,False,True,True,True,True,True,True,True,True,True,True,True,False,True,True,True,True,True,True,True,False,True,True,True,True,True,True,True,True,False,False,True,True,True,True,True,True,True,True,True,True,True,True,True,True,True,False,True,True,True,True,False,['Reproductive Health']
"I am suffering from anxiety and depression from past few years. I took various antidepressants. Now I am taking Vilazodone, one tablet in the morning and Lonazep 0.25 mg from last ten days. But I am having breathlessness and palpitations when I do any small physical activity and irritability. My hands get numb, and itching occurs on my hands and legs. I guess it is because of diabetes. I feel my chest is heavy, and my legs and back pains a lot. My sugar level is 130 fasting and 235 postprandial. I am taking Glimisave M. My sugar levels fluctuate badly, and my HbA1c is more than 7, a few months back. I think due to sugar intake it is out of control; otherwise, it is normal. I have very low energy due to depression medicines, and I am very drowsy, and irritability does not reduce. I have negative thoughts, and my hands get numb. I have a habit of chewing tobacco. Please, advice some treatment",i am sorry to know that despite the best efforts you are not responding with current antidepressants and there are active symptoms. i suggest the following treatment given a diagnosis of diabetes with depression. tablet duloxetine (duzela m) 30 mg in the morning and 30 mg in the evening. the reason for recommending this medicine is because it is quite effective for pain symptoms associated with diabetic neuropathy along with depression. tablet aripiprazole (arpizol) 5 mg in the morning. although it comes from an antipsychotic group of medicines my purpose here is to augment the action of antidepressants while addressing anger associated with depression. tablet lonazep (clonazepam) can be continued as per the current level if there is adequate sleep. in case sleep has been an issue despite the medicines i will recommend upping the dose of lonazep to 0. 5 mg at bedtime. regarding vilazodone i think it should be removed as it is causing intolerable side effects. also this particular antidepressant has little role in pain associated with neuropathy and i think duloxetine will be a better option. there is need to stop tobacco. this is because many of the medicines mentioned above have poor efficacy when tobacco is consumed. you need to consult your diabetes doctor as poor control of diabetes could be a significant reason for the poor response. consult your specialist doctor discuss with him or her and start taking the medicines after their consent. in case you have more questions feel free to write back to me. for further queries consult an andrologist online --> <link>,73,True,True,True,True,True,True,True,True,True,True,True,True,False,True,True,True,True,False,True,True,True,True,True,True,False,True,True,True,True,True,True,True,True,True,True,True,True,True,True,True,True,True,True,False,True,True,True,True,True,True,True,True,True,True,True,True,True,True,True,True,True,True,True,False,True,True,True,True,True,True,True,True,True,True,True,True,True,True,True,True,True,True,True,True,True,True,True,True,True,True,True,True,True,True,True,['Disease']
"My blood reports show high monocytes and eosinophils for over two years of span. I feel there is no energy, muscle spasms, splenomegaly, muscle pain, and malaise. I am seropositive RA. But, my CRP and ESR are normal most of the time",rheumatoid arthritis is one of the causes for high monocyte count and multisystemic involvement. hence treatment for that is nonsteroidal anti-inflammatory drugs and disease modifying drugs like leflunomide etc. the high eosinophil count causes include allergy parasitic infection skin conditions and pulmonary eosinophilia etc. according to the cause the specific treatment can be given. for allergy antiallergic medication like fexofenadine is useful. you have not mentioned total count value peripheral smear examination and value of differential count. so peripheral smear examination and clinical correlation needed in such case. please consult your physician for examination and get further work up according to the need. take care. for further information consult a hematologist online --> <link>,114,True,True,True,True,True,True,True,True,True,True,True,True,True,True,True,True,True,False,True,True,True,True,True,True,True,True,True,True,True,True,True,True,True,True,True,True,True,True,True,True,True,True,True,True,True,True,True,True,True,True,True,True,True,True,True,False,True,True,True,True,True,True,True,True,True,True,True,True,True,True,True,True,True,True,True,True,True,True,False,True,True,True,True,True,False,True,True,True,True,True,True,True,True,True,True,['Disease']
"I have hypothyroidism and I am on medicines for it. Also hysterectomy was done 3 years back. I want to reduce my weight now.
Please advise appropriate diet and exercise for me.
Age - 52 years/ female.Weight - 75kgs, height - 5'4""",your weight gain may be partially due to hypothyroidism. you may start with brisk walking for 20 minutes daily and gradually increase it to 45 minutes daily. please do not lift heavy weights at this age. this may cause more harm than benefit. try oats muesli brown bread egg whites for breakfast. lunch should be a complete meal with no ghee on rotis. dinner can be soup veggies with roti dalia(broken wheat) dal roti. do not be on empty stomach for more than 2 hours during day time or the time you are awake. take light snacks fruits juices shakes in between your meals. else your metabolism can slow down. please tell me how much thyroxine are you taking and your tsh level and medicine details so that i can see whether thyroid is not the cause of your problem. please note: not eating for long periods or being on empty stomach could slow down metabolism and potentially increase weight. already hypothyroidism itself slows down metabolism. so do not fast but eat little meals. definitely you will lose weight if you follow this. revert back to an endocrinologist online for further help --> <link>,74,True,True,True,True,True,True,True,True,True,True,True,True,True,True,True,True,True,False,True,True,True,True,True,True,True,True,True,True,True,True,True,True,True,True,True,True,True,True,True,True,True,True,True,True,True,True,True,True,True,True,True,True,True,True,True,False,True,True,True,True,True,True,True,False,True,True,True,True,True,True,True,True,True,True,True,True,True,True,True,True,True,True,True,True,True,True,True,True,True,True,True,True,True,True,True,['Disease']
"I am a 26 year old female. My height is 5'1"" and I weigh 53 Kg.
I have had pain in all joints.
I also experience pain in the spine between shoulders and down to my tailbone since 2010, on and off.
I have finally seen a rheumatologist. The doctor said I have scoliosis, minor spondyloarthritis and hypermobility.
She gave me Sulfazine that did not work and instead I developed nausea.
Hopefully in a month, I can start taking an injection which the doctor told will only help with the arthritis pain.
I was also told that I need to learn to live with pain and nothing can be done about the pain related to the other disorders.
The doctor also asked me to keep taking Ibuprofen.
Is there nothing that can be done about the pain from scoliosis and hypermobility?
Do I need to learn to live with pain that restricts me from doing any physical work (even cooking and cleaning)?",it looks like your doctor is treating you for rheumatoid arthritis. however what is not clear is the fact that how this conclusion was arrived at. have they done these tests - esr crp rheumatoid factor blood test anti-ccp antibodies test? how long does the morning stiffness last? how many joints in the finger/hands do you experience pain and actual tenderness? i am asking these questions inorder to match your signs and symptoms with eular or the new american college of rheumatology guidelines. also i wonder why methotrexate was not started as a primary drug. please clarify the above with your doctor. now coming to living with symptoms you should respond in a reasonable period of time say 6 weeks at maximum both clinically and with regards to the inflammatory markers crp esr etc. if this is not happening a review of diagnosis and medicines must be done. finally the scoliosis per se does not cause pain and neither does hypermobility unless they are long standing and gross. perhaps seeing a good manual therapist is a way forward to control your spinal symptoms. hope this helps and revert back to a rheumatologist online for further follow up --> <link>,115,True,True,True,True,True,True,True,True,True,True,True,True,False,True,True,True,True,False,True,True,True,True,True,True,True,True,True,True,True,True,True,True,True,True,True,True,True,True,True,True,True,True,True,False,True,True,True,True,True,True,True,True,True,True,True,True,True,True,True,True,True,True,True,False,True,True,True,True,True,True,True,True,True,True,True,True,True,True,True,True,True,True,True,True,False,True,True,True,True,True,True,True,True,True,False,['Disease']
"Hello,
I am suffering from  hypothyroidism and taking eltroxin and thyronorm.
But cholesterol level is raising. What to do?
Age - 46 years, female. Height-160cm. Weight - 58kg",cholesterol may increase on its own or the increase may be secondary to hypothyroidism. a secondary raise will settle down after 8-12 weeks of optimal control of thyroid status. otherwise it will require consideration for medication. till that time please eat diet low in saturated fats/carbohydrates. avoid sweets and fried items. also you can start doing exercise under supervision. will provide more insight if you can come up with the actual lipid profile and thyroid status to an endocrinologist online --> <link>,72,True,True,True,True,True,True,True,True,True,True,True,True,False,True,True,True,True,False,True,True,True,True,True,True,True,True,True,True,True,True,True,True,True,True,True,True,True,True,True,True,True,True,True,False,True,True,True,True,True,True,True,True,True,True,True,False,True,True,True,True,True,True,True,False,True,True,True,True,False,False,True,True,True,False,True,True,True,True,True,True,True,True,True,True,False,True,True,True,True,True,True,True,True,True,True,['Disease']
"Four years ago, I had pregnancy diabetes. Once I delivered my baby, the blood sugar levels were normal. I used to check the blood sugar levels and they were normal all these years. But since nearly six months, my levels started rising again. Usually my fasting levels are high now and they fall down during the day. My levels are between 200 and 300. What should I do?",it is well known that diabetes during pregnancy is a forerunner for diabetes in later life. it is good that you checked your blood levels faithfully after your delivery and that is why you were able to identify the high levels. having found out about these high levels it is time for you to meet a physician or diabetologist to start treatment. the target sugar level for fasting is 100 and for 2 hours after a meal is 140 mg/dl. adhering to a strict diet and regular exercise may reverse diabetes completely in early stages. you have not mentioned your age or desire for future pregnancy. in either case we can help you. for further information consult a diabetologist online --> <link>,78,True,True,True,True,False,True,True,True,True,True,True,True,True,True,True,True,True,False,True,True,True,True,True,True,True,True,True,True,True,True,True,True,True,True,True,True,True,True,True,True,True,True,True,True,True,True,True,True,True,True,True,True,True,True,True,True,True,True,True,True,True,True,True,False,True,True,True,True,True,True,True,True,True,True,True,True,True,True,True,True,True,True,True,True,True,True,True,True,True,True,True,True,True,True,True,['Disease']
"I am 45 years old and working as a senior level finance professional in a multi-partner practice owned by all of us. After going through the high levels of anxiety for several years, I consulted a psychologist who is my friend. After few months of showing little improvement, he put me on Escitalopram 10 mg. For about 2 years I took this medicine and was generally fine. When my friend moved out of the country, I shifted to a new doctor and he is a more senior person. He changed the drug to Paroxetine 25 mg which I have been on for the last nine months. I would probably say I am doing better now than before. The issue is regarding further counseling. While my friend did not feel that there is a need to continue counseling once he put me on the medicine. But, the new one seems to feel that I should resume counseling. Based on his advise, I went back to the counselor I originally saw, but somehow she seems to feel that I do not need any structured counseling.
I am generally a religious person and try to follow certain regular spiritual practices like visiting a temple almost every day, reading at least a little from any scripture and do some chanting. At the same time, I still have the little odd feelings of discomfort too at times, though it does not trouble me so much like earlier. Specific cause of worry now is mostly the side effect of the long-term medication I take for anxiety, BP (Telmesartan) and for GERD (Esomeprazole). The primary concern now is that on most days I have a general feeling of boredom as though there is not anything much to do. Generally, I try to avoid associating with any new demanding assignments because I do not feel comfortable about doing things unless I am fully sure about the work. On the other side, it is also my dream to be a successful writer of fiction novels. I have finished one book, but that has not found any worthy publisher so far, which is disappointing. So, even though I have been working on my second book, I  do not have too much confidence that my writing will reach anywhere.
I am not a social type person and like to spend time at home. I will also confess that by nature I am known as a negative thinker, both at work and in the house. But my relationship with people are generally very cordial, because I try to lighten issues and also try my best to avoid any sort of conflict. All this leaves me with a general sense of dissatisfaction, although I am very clear that I do not want to stick my neck any further out either. Though at times, I fantasize about career and location change. I do not dare to think anything seriously, because I am sure that I will not get such a comfortable position again. But, to conclude the issue which is confusing me right now is, do I need counseling again? I am far from clear, what can I hope to achieve from therapy which I cannot get from my religious and spiritual practices? I note that online therapy is also an option on this site. Is that as effective as direct counseling?",from your detailed information i feel that you have responded to medication. all ssri (selective serotonin reuptake inhibitor) medications tend to over time make the person who takes them more relaxed. this could be attributed to the main task of reducing anxiety. thus maybe a lower dose for a few months may benefit. importantly absence of anxiety or motivation is more troublesome. also i do not think that any counseling will help you. as you are already aware and attend to the problem of not pursuing tasks to completion cbt (cognitive behavioral therapy) or nlp (neuro-linguistic programming) or coach may help. for further information consult a psychiatrist online --> <link>,90,True,True,True,True,True,True,True,True,True,True,True,True,True,True,True,True,True,False,False,True,True,True,True,True,True,True,True,False,True,True,True,True,True,True,True,True,True,True,True,True,True,False,True,False,True,True,True,True,True,True,True,True,True,True,True,True,True,True,True,True,True,True,True,False,True,True,True,True,True,True,True,True,True,True,True,True,True,False,True,True,True,True,True,True,True,True,True,True,True,True,True,True,True,True,True,['Medical Care']
"I got a ligament reconstruction surgery before four months. Till today, I have got 1301° ROM. I do not feel normal while walking and climbing stairs. Also, I feel that my operated knee is comparatively weak. Is this normal? What should I do to have a faster recovery?",it usually happens when the physiotherapy was not progressively increased or physiotherapy was done intermittently. weakness is due to muscles not being conditioned to presurgery levels. you need to increase the level of exercises. start jogging cycling and training with weights. doing this for one month properly will get you back to presurgery levels. probable diagnosis:ligament with slight weakness. regarding follow up:revert after a month to an orthopaedician and traumatologist online. ---> <link>,68,True,True,True,True,True,True,True,True,True,True,True,True,True,True,True,True,True,False,True,True,True,True,True,True,False,True,True,True,True,True,True,True,True,True,True,True,True,True,True,True,True,True,True,False,True,True,True,True,True,True,True,True,True,True,True,False,True,True,True,True,True,True,True,False,True,True,True,True,True,False,True,True,True,True,True,True,True,True,True,True,True,True,True,True,True,True,True,True,True,True,True,True,True,True,True,['Medical Care']
"I am a 23 year old male, and I took Lexapro for two months when I was 20 years old. And then quit abruptly, because every time I would sleep for a very long time without dreaming, and also wake up feeling bad. It has been three years now, and my sexual functioning and libido have gone down, it is called post-SSRI sexual dysfunction (PSSD). I was the horniest, sexually explorative, and a creative guy. It is like I am an entirely different person now. My ambitions, sexuality, zest, desires, and emotions, everything has gone. The lack of all this does not even trouble me, which is the strangest thing. I am intellectually troubled by this but cannot feel it, and I feel like a potato. I had tried one dose of Selegiline before, which kind of felt good, but I dropped it due to long-term safety concerns and the possibility of interactions with high tyramine foods. After researching on the internet, and keeping in mind dependancy risks, and effects on receptors, I was thinking of trying Rasagiline. I would be very grateful if you could guide me and suggest some possible cure",i can understand your concern regarding your symptoms and side effects of the medications. the symptoms you mentioned above are showing that you are suffering from dysthymia and moderate depression. depression itself is a cause of poor sexual drive. lexapro that is escitalopram may cause loss of libido and sexual dysfunction as you have already stopped this medicine long ago depression is the primary cause of your symptoms. i will suggest you try taking newer invented molecules like vilazodone. this drug has no daytime somnolence and sexual dysfunction. it will help you in early recovery. take it for at least three months and then stop slowly by tapering. consult your specialist doctor discuss with him or her and start taking medicine after their consent. within a couple of weeks you will feel better and these drugs have fewer chances of withdrawal depression when they are stopped and tapered slowly. behavioral therapies like cbt (cognitive behavioral therapy) or dbt (dialectical behavioral therapy) and counseling will help you to cope up your stress and will help you to maintain a happy state of mind. visit a nearby psychiatrist for a proper prescription and counseling. your symptoms are curable 20 % of the population spend some part of their life in depression and half of them overcome with this illness. hope my answer helped you. for further queries consult a psychiatrist online --> <link>,172,True,True,True,True,False,True,True,True,True,True,True,True,True,True,True,True,True,False,False,True,True,True,True,True,True,True,True,True,True,True,True,True,True,True,True,True,True,True,True,True,True,False,True,False,True,False,True,True,True,True,True,True,True,True,True,True,True,True,True,True,True,True,True,False,True,True,True,True,True,True,True,True,True,True,True,True,True,True,False,True,True,True,True,True,True,True,True,True,True,True,True,True,True,True,False,['Medical Care']
"I am having problem of acute flaky dandruff and also itching in my hair. I have tried Topisal, Nizral and various other shampoos as well. However, there is no respite from dandruff. Please suggest me some good mediation as well as shampoo and oil. Currently I am under sugar and BP medication. My height is 5'6' and my weight is 80 kg",i have gone through your complaints. you should start with shampoo containing salicylic acid and ketoconazole. use it every alternate day in the beginning. once you notice improvement gradually taper it to twice weekly and then once weekly. along with this apply clotrimazole and betamethasone combination lotion on the affected areas of the scalp twice daily. i also recommend you to take tablet ketoconazole 200 mg once daily in the morning and tablet levocetirizine 5 mg at bedtime. continue this treatment for two weeks and revert back. the probable causes:1. immune factors 2. hormonal factors 3. fungal infectionprobable diagnosis:seborrheic dermatitis. preventive measures:avoid oiling of scalp as it will increase your dandruff. regarding follow up:revert back after two weeks for follow up to a dermatologist online. ---> <link>,108,True,True,True,True,True,True,True,True,True,True,True,True,False,False,True,True,True,False,False,True,True,True,True,True,False,True,True,True,True,True,True,True,True,True,True,True,True,True,True,True,True,True,True,True,True,True,True,True,True,True,True,True,True,True,True,True,True,True,True,True,True,True,False,False,True,True,True,True,False,False,True,True,True,True,True,True,True,True,True,True,True,True,True,True,False,True,True,True,True,True,True,True,True,True,True,['Medical Care']
"I have a problem of dandruff. I have taken treatment and it never worked. I have used Selenium sulfide shampoo as well as Ketoconazole shampoo. After using these shampoos, I used to get relief for a day. But, on the next day, the dandruff again starts falling from my hair. Please help me out. I would be very thankful to you",the causes of dandruff are any of the following. not enough hair brushing and shampooing dry skin seborrheic dermatitis diet without proper nutrition mental stress and allergic reaction to any hair or skin care products. the dandruff treatment includes taking care of the above things to not happen. medical agents such as pyrithione zinc (fungistatic and bacteriostatic property) salicylic acid and sulfur plain salicylic acid selenium sulfide and ketoconazole are used to dandruff. proper water intake and healthy routine to bed prevent generation of extra heat in the body and dryness of the scalp. for further information consult a dermatologist online --> <link>,82,True,True,True,True,True,True,True,True,True,True,True,True,False,False,True,True,True,False,False,True,True,True,True,True,False,True,True,True,True,True,True,True,True,True,True,True,True,True,True,True,True,True,True,True,True,True,True,True,True,True,True,True,True,True,True,True,True,True,True,True,True,True,True,False,True,True,True,True,False,False,True,True,True,True,True,True,True,True,False,True,True,True,True,True,False,True,True,True,True,True,True,True,True,True,True,['Medical Care']
"Ever since being on multiple antibiotics for a persistent UTI a year ago, I have had vaginal problems. It was first a bout of yeast infections and then BV. I have tried many pills, external and internal creams, home remedies, and diet changes, but still, I have redness and dryness externally. I have tested negative for yeast and BV, but nobody knows what is going on. Is it possible that I am just totally out of balance? I have been taking probiotics daily, but it does not seem to be working. I am desperate for help because I am literally at my wit's end",how are you doing? sorry to hear what you have been through. i feel you are having an imbalance in the normal and abnormal organism growth. for a normal vagina you need both normal and abnormal organisms. when you take too many antibiotics one after other it kills most of the abnormal organisms so the balance is shifted and you get symptoms. now let me give you a list of things you can do: if sexually active abstinence at least till you are fully better. also have your partner checked. check his urine and semen for any significant infection. have a urine culture and sensitivity if there is any sterile pyuria that is pus cells without any growth have only the sensitive antibiotics for the minimum duration. get a vaginal swab for culture and sensitivity. antifungals and antibiotics can be used if needed. get your blood sugars and thyroid profile checked. avoid vaginal douches. use bland or inert vaginal washes just to wash the exterior. and no need to use an unnecessary vaginal suppository. keep the perineal and vaginal area as dry as possible. avoid synthetic undergarments as they hold water for long use cotton ones. do not use any undergarment at night. keep taking probiotics. your bmi (basal mass index) is in the lower limit. so have a lot of fruits vegetables juices curd milk egg white high-protein and low-fat diet. take a lot of citrus fruits as this improves your resistance and immunity. avoid any local cosmetics or new washing powder. hope i have been of help to you do write back. all the best. for further queries consult an obstetrician and gynaecologist online --> <link>,46,True,True,True,True,True,True,True,True,True,True,True,True,True,True,True,True,True,False,True,True,True,True,True,True,True,True,True,True,True,True,True,True,True,True,True,True,True,True,True,True,True,True,True,True,True,True,True,True,True,True,True,True,True,True,True,False,True,True,True,True,True,True,True,True,True,True,True,True,True,True,True,True,True,True,True,True,True,True,True,True,True,True,True,True,True,True,True,True,True,True,True,True,True,True,True,['Medical Care']
"I am 30 years old. I have been feeling pain in my left knee when I sit on the ground. When I get up it takes two minutes for the left knee to get normal and function without pain. I got a massage, but that did not work. Instead, my back started hurting slightly after that. Please advise whether it is calcium deficiency or any other cause. At normal times, it does not hurt much. My height is 6'1"" and weight is 96 kg",no this is not a calcium deficiency. probably it is prepatellar bursitis. the symptoms of calcium deficiency will not be confined to one knee and it is unusual in young persons. for further information consult an orthopaedician and traumatologist online --> <link>,131,True,True,True,True,True,True,True,True,True,True,True,True,False,True,True,True,True,False,False,True,True,True,True,True,True,True,True,True,True,True,True,True,True,True,True,True,True,True,True,True,True,True,True,False,True,True,True,True,True,True,True,True,True,True,True,False,True,True,True,True,True,True,False,False,True,True,True,True,True,True,True,True,True,False,True,True,True,True,True,True,True,True,True,True,False,True,True,True,True,True,True,True,True,True,False,['Symptoms']
"I am 27 years old. I have been suffering from bladder and lower back pain for about six months now. I have been to the doctor several times and each time the test was negative for infection. I used to get relief from symptoms once I take the antibiotics but the pain will recur.
I do not have frequent urgency to urinate. My urine is clear and there is no burning sensation associated with urination. I suffer from chronic constipation and my primary physician feels it might be from stool backed up in that area and prescribed me Linzess. I have been taking for two days and still have back pain. The pain never gets unbearable. Usually a level 2-4 on pain scale.
After all research, I feel it may be prostatitis. I am terrified to see an urologist in fear of rectal exam as I have a phobia of this.  I had several blood panels done, kidney and liver function tests everything is perfect. My x-ray indicated lower back spasms and backed up stools. No kidney or bladder problems. I am becoming very upset because I read there is no effective way to treat non-bacterial prostatitis.  Is there a way my urologist can test for this without a digital rectal exam?  I also have some dull testicle pain from time to time. This is becoming such an annoyance and ruining my daily life. Any help will be thoroughly appreciated",as you suspect the symptoms might be due to chronic prostatitis or a similar entity chronic prostatic pain syndrome. it needs a per rectal examination. per rectal examination is not that painful as you suspect. urine culture after a per rectal examination will turn to be positive if it is chronic prostatitis. it needs a 4 week course of trimethoprim alpha blocker drugs and anti-inflammatory drugs. it has to be treated with trimethoprim or levofloxacin. the probable causes:secondary to uti (urinary tract infection). differential diagnosis:chronic prostatic pain syndrome. regarding follow up:for further queries consult an urologist online. ---> <link>,63,True,True,True,True,True,True,True,True,True,True,True,True,True,True,True,True,True,False,True,True,True,True,True,True,True,True,True,True,True,True,True,True,True,True,True,True,True,True,True,True,True,True,True,True,True,False,True,True,True,True,True,True,True,True,True,False,True,True,True,True,True,True,True,False,True,True,True,True,True,True,True,True,True,True,True,True,True,True,True,True,True,True,True,True,True,True,True,True,True,True,True,True,True,True,False,['Symptoms']
"I am a 37 year old male, and  I am suffering from knee pain, loss of appetite, fatigue, lack of interest, vitamin B12 deficiency, and my tooth enamel has eroded. I am taking Losar 50 for high blood pressure from six years. And from the last five years, I am also taking medicines for GERD. Please help me",you might have developed knee osteoarthritis which is a wear and tear of the joints because of excessive weight on the weight bearing joints. this mostly occurs with advancing age but these days it is not uncommon to find it in young obese individuals. i would advise you to get hemogram x-ray knee joint serum calcium vitamin d levels esr (erythrocyte sedimentation rate) and crp (c-reactive protein). for osteoarthritis i would suggest you do the following. consult your specialist doctor discuss with him or her and start taking the medicines after their consent. practice knee and quadriceps strengthening exercises. give hot fomentation to the knee. you can try applying diclofenac ointment locally. if the pain is severe then try taking diclofenac tablet. if you are overweight you should lose weight. start exercising but avoid using the treadmill. cycling and swimming are wonderful options for you. for vitamin b12 deficiency you can try taking capsule nurokind gold (multivitamin) once daily for three months. and for gerd (gastroesophageal reflux disease) a combination of pantoprazole and domperidone helps greatly. i hope it helps you. if you have any further query please ask me. for more information consult a medical gastroenterologist online --> <link>,128,True,True,True,True,True,True,True,True,True,True,True,True,False,True,True,True,True,False,True,True,True,True,True,True,True,True,True,True,True,True,True,True,True,True,True,True,True,True,True,True,True,False,True,True,True,False,True,True,True,True,True,True,True,True,True,True,True,True,True,True,True,True,True,False,True,True,True,True,True,True,True,True,True,True,True,True,True,True,True,True,True,True,True,True,True,True,True,True,True,True,True,True,True,True,False,['Symptoms']
"I have been suffering with tingling and needling sensation in my feet from the last one and a half year. It may be peripheral neuropathy. If it so, then what is the treatment for it? Which tests should I undergo to diagnose the reason? I had 10  vitamin B12 injections before two months. I had one for every three days, but it did not help me",i understand your symptoms and your question. it may be peripheral neuropathy. i would like to know your age and whether you have diabetes. if you have any back pain radiating to the legs then it can be a spinal problem. i suppose you do not have back pain. the second possibility is hypothyroidism in which there can be such symptoms. if not checked then you need to check thyroid profile. you should get ssep (somatosensory evoked potential) and ncv (nerve conduction velocity) studies of both lower limbs. we will know the function of the nerves in the lower limb. you can get it done at any electrophysiology laboratory. you should get free t4 and tsh done (thyroid-stimulating hormone) to rule out thyroid problem. i suppose you would have done b12 levels before starting the injections. regarding medicines the dose that you are taking now is not adequate. i would suggest you tablet trigabantin 300 mg (gabapentin) twice a day after food and tablet pregabalin 75 mg at bedtime. consult your specialist doctor discuss with him or her and take the medicine with consent. you may feel little giddiness after these medicines but that will settle in three to four days time. for further information consult a neurologist online --> <link>,116,True,True,True,True,True,True,True,True,True,True,True,True,True,True,True,True,True,False,True,True,True,True,True,True,True,True,True,True,True,True,True,True,True,True,True,True,True,True,True,True,True,True,True,False,True,True,True,True,True,True,True,True,True,True,True,True,True,True,True,True,True,True,True,True,True,True,True,True,True,False,True,True,True,True,True,True,True,True,True,True,True,True,True,True,True,True,True,True,True,True,True,True,True,True,True,['Symptoms']
"I have chronic constipation, gas problem, pain in lower abdomen and stress for the last two years. I am 30 years old. I have tried many ayurvedic and homoeopathy medicines but got only permanent relief. I also have piles. I had a sonography last year, and the results were normal",we are here to help you. you probably are suffering from chronic constipation associated with acid reflux disease and that requires evaluation for the cause. if no cause is found we would say that you have idiopathic constipation. i would advise you the following. consult your specialist doctor discuss with him or her and take treatment with consent. get a thyroid function test done as hypothyroidism might be the cause of the constipation that you are having. i suggest laxative like lactulose in the night. increase fiber in the diet and take fruits like papaya which are bulk forming. i suggest a combination of pantoprazole and levosulpiride once daily. another thing that you can take is isabgol husk. you can take three teaspoons full in night time and as it is bulk-forming. it may help you with your constipation. once you are constipation free you do not strain during stools and our piles problem would go away on itself. for further information consult a medical gastroenterologist online --> <link>,60,True,True,True,True,True,True,True,True,True,True,True,True,True,True,True,True,True,False,True,True,True,True,True,True,True,True,True,True,True,True,True,True,True,True,True,True,True,True,True,True,True,True,True,True,True,True,True,True,True,True,True,True,True,True,True,False,True,True,True,True,True,True,True,True,True,True,True,True,True,True,True,True,True,True,True,True,True,True,True,True,True,True,True,True,True,True,True,True,True,True,True,True,True,True,False,['Symptoms']
"I am a 40 year old male. I just like to share a problem with you related to my throat. For the last 10 days or so, I am feeling a scratch or burning like sensation behind the uvula. I do not have any problem with eating. The sensation tends to remain silent at night during sleep, but again started to feel the same throughout the day. I do smoke and drink as well. Further, I have some small multiple round cracks in the middle of my tongue. I am quite worried, especially on the burning sensation part. Thank you",burning sensation behind throat is most commonly caused due to acid reflux. it can be also due to chronic smoking. as you smoke and drink you have much more chance of acid reflux. i suggest you to avoid spicy oily food for two weeks and tablet pantop (pantoprazole) 40 mg once daily for two weeks. consult your specialist doctor discuss with him or her get a thorough physical examination and take the tablet with consent. for further information consult an ent otolaryngologist online --><link>,142,True,True,True,True,True,True,True,True,True,True,True,True,True,True,True,True,True,False,True,True,True,True,True,True,True,False,True,True,True,True,True,True,True,True,True,True,True,True,True,True,True,False,True,False,True,False,True,True,True,True,True,True,True,True,True,True,True,True,True,True,True,True,True,False,True,True,True,True,True,False,True,True,True,True,True,True,True,True,True,True,True,True,True,True,False,True,True,True,True,True,True,True,True,True,False,['Symptoms']
I have two tiny stones of size 3 mm in my left kidney. Is there any ayurvedic medicine to treat kidney stones? Can you please suggest some medicines so that the stones pass in my urine easily,renal calculus can be removed easily by ayurvedic medicines. as you mentioned 3 mm sized two stones is present in your left kidney the size of the stone is small and easy to remove. i suggest you try taking the following. gokshuradi guggulu one tablet twice daily. patharina one tablet twice daily. neeri syrup 15 ml twice daily. trinapanchamula kwatha 15 ml twice daily. the probable causes of renal stones are drinking less than sufficient amount of water having a sedentary lifestyle eating fried and spicy junk foods. try the following preventive measures. drink plenty of water. do yoga and meditation along with light exercises. avoid tomato apple cabbage spinach cucumber etc. consult your specialist doctor discuss with him or her and start taking the medicines after their consent. follow-up after 15 days. revert after 15 days to an ayurveda specialist online --> <link>,127,True,True,True,True,True,True,True,True,True,True,True,False,True,True,True,True,True,True,True,True,True,True,True,True,True,True,True,True,True,True,True,False,True,True,True,True,True,True,True,True,True,True,True,False,True,True,True,True,True,True,True,True,True,True,True,False,True,True,True,True,True,True,False,True,True,True,True,True,True,True,True,True,False,False,True,True,True,True,True,True,True,True,True,True,False,True,True,True,True,True,True,True,True,True,True,['Body Systems']
"I am a 25 year old, fairly healthy female. I have been suffering from kidney stones since the age of 15. Mostly the stones would go away on their own without causing any pain. But in the last seven to eight months, I had been suffering from recurrent UTIs and mild pain in the kidney. Around four months back, I got an ultrasound done and found a 10 mm stone in the middle pole and 6 mm stone in the lower pole. At that point, I started on ayurvedic medicine (Calcury). I got an ultrasound done a month later and found the stone size remains the same. But there was no pain or infection of any sort at that time. 
Last month (I was still asymptomatic) I got a KUB done. It showed only one stone, it did not look like a staghorn stone. Few days later, I got another ultrasound at a different place and according to that doctor my stone was 17 mm (in the middle pole) and 8 mm (in the lower pole). In the last 15 days, I passed two tiny stones of 3-4 mm which were very soft and pebble shaped. This made me realize that I may possibly have struvite stones. However, for the last one week I am getting immense pain after workout. My creatinine was 0.9 last month.
I would like to ask you the following questions:- What should be my course of action after this? What is causing this sudden pain? How can I find out what kind of stones do I have? Will a shockwave lithotripsy be possible in my case? How accurate is the number 17 mm and 8 mm?",since you have got stone problem so early and since you are a recurrent kidney stone former you need thorough evaluation to prevent further stone episodes. you should collect the stone you pass in urine and do ftir (fourier transform infrared) spectroscopy analysis to know the composition. you also need a 24 hours urinary metabolic evaluation to know the exact problem leading to stone formation. the stone size as per ultrasound may not be accurate so please get a ct kub (computed tomography of kidneys ureters and bladder) to know the exact number and size of the stone. pain is due to blockage of the ureter when the stone comes down from the kidney. eswl (extracorporeal shockwave lithotripsy) is definitely a good option for stones up to 15 mm size. i hope you become stone free soon. for further information consult an urologist online --> <link>,130,True,True,True,True,True,True,True,True,True,True,True,True,True,True,True,True,True,False,True,True,True,True,True,True,True,True,True,True,True,True,True,True,True,True,True,True,True,True,True,True,True,True,True,True,True,True,True,True,True,True,True,True,True,True,True,False,True,True,True,True,True,True,True,True,True,True,True,True,True,True,True,True,True,False,True,True,True,True,True,True,True,True,True,True,True,True,True,True,True,True,True,True,True,True,False,['Body Systems']
I have nightmares in the night. How can you help me not have them?,nightmare in adults can be due to various reasons. the most common of them being not having a good sleep. practice sleep hygiene such as sleeping and waking up at the regular time avoiding caffeinated drinks for at least 8 hours before sleep avoid using television mobile laptop etc. half an hour before sleep. daily exercise and breathing relaxation exercise like yoga can help. take a light diet in the night and avoid taking refined carbohydrates or sugars and heavy protein diet for dinner. for further information consult a psychiatrist online --> <link>,135,True,True,True,True,True,True,True,True,True,True,True,True,True,True,True,True,True,True,True,True,True,True,True,True,True,True,True,True,True,True,True,True,True,True,True,True,True,True,True,True,True,True,True,True,True,True,True,True,True,True,True,True,True,True,True,True,True,True,True,True,True,True,True,False,True,True,True,True,True,True,True,True,True,True,True,True,True,True,True,True,True,True,True,True,True,True,True,True,True,True,True,True,True,True,True,['Sleep']
"I am not able to control my feelings and getting so much of anger. My heartbeat is getting increased. I do not know what I a doing at that time. I am just scolding my friends, family, etc. But, after some time, I feel regret on thinking about that and will get into depression. Sometimes, there is no proper sleep. I am so much worried about my short temper",the first step is to prevent yourself from acting out during anger episodes. while getting angry either do reverse counting from 20 to 0 or deep breathing. after calming down give logical suggestions to yourself against losing temper in that particular situation. log down the events resulting in stress and weekly review them. then think some alternative response from your side to resolve it. practice relaxation exercises like yoga (pranayama). follow steps of sleep hygiene such as avoiding caffeinated drinks. remember that every problem has a solution. you just need to try solving it. for further information consult a psychiatrist online --> <link>,149,True,True,True,True,True,True,True,True,True,True,True,True,True,True,True,True,True,False,True,True,True,True,True,True,False,True,True,True,True,True,True,True,True,True,True,True,True,True,True,True,True,True,True,False,True,True,True,True,True,True,True,True,True,True,True,True,True,True,True,True,True,True,True,False,True,True,True,True,True,True,True,True,True,True,True,True,True,True,True,True,True,True,True,True,True,True,True,True,True,True,True,True,True,True,True,['Sleep']
"I am a 24 year old working woman. I feel sleepy during office timing, even though I have 8 hours sleep during night. Please advice",feeling sleepy during office timing is most commonly caused by absence of a sound sleep at night. sleeping for 8 hours during night not always means that you are having a healthy sleep. a healthy sleep is determined by the following factors: duration of the sleep. sleep-wake timings. number of awakenings during sleep at night. daytime sleepiness or drowsiness. any distress or dysfunction associated with sleep disturbances. as you told that you are sleeping for about 8 hours at night and your age is 24 years this is an adequate sleep at this age (6-8 hours). however if you still feel sleepy during your office hours this can be due to inadequate sleep in terms of quality of sleep. ensure that you are sleeping at an adequate time and getting up at adequate time in morning. no frequent awakening at night which reduces the quality of sleep. besides this few other things also hamper sleep quality such as: affective states anxiety states psychosis. endocrine disturbances such as hypothyroidism or hyperthyroidism. activating agents like tea coffee stimulant abuse. underlying physical illness. lack of interest in work boredom and burnout syndrome at work place also can cause sleepiness. i would recommend you a few changes that you can make at your work place such as make your work area more stimulating work in chunks take breaks in between your work do not work for long hours at a stretch drink water in between avoid too much tea/coffee in order to work continuously get involved in conversations in between for a while to refresh yourself. also try and maintain sleep hygiene at bed time. besides this if you continue to have this problem seek an opinion from a sleep medicine physician online get yourself evaluated for any of the above causes for sleep disturbances --> <link>,153,True,True,True,True,True,True,True,True,True,True,True,True,True,True,True,True,True,False,True,True,True,True,True,True,True,True,True,True,True,True,True,True,True,True,True,True,True,True,True,True,True,True,True,False,True,True,True,True,True,True,True,True,True,True,True,True,True,True,True,True,True,True,True,False,True,True,True,True,True,True,True,True,True,True,True,True,True,True,False,True,True,True,True,True,True,True,True,True,True,True,True,True,True,True,False,['Sleep']
I am a 23 year old male. I have sinus problem since birth. My nose gets blocked as weather changes and remains so for a long time. I am allergic to dust. What food can I take to help my condition?,anu thailam - ayurvedic nasal drop apply 2 drops in each nostril before bed and at morning. nirgundi thailam - apply 10 drops on scalp top of head and rub with fingers. this should be done at 6. 30 am. then take bath after 7. 30 am in normal water. take a dried turmeric stick. show it on the fire in a candle. once the turmeric stick gets burnt then blow it to stop fire. now you can see the smoke coming off from the turmeric. show this below your nose and take deep breath so that the turmeric smoke should enter into your nostrils. start pranayama (breathing exercise) and yoga practice. these will give a permanent solution for your nasal block and sinusitis. for further information consult an ayurveda specialist online --> <link>,138,True,True,True,True,True,True,True,True,True,True,True,True,False,True,False,True,True,False,True,True,True,True,False,True,False,True,True,True,True,True,True,True,True,True,True,True,True,True,True,True,True,False,True,True,True,False,True,True,True,True,True,True,True,True,True,True,True,True,True,True,True,True,True,False,True,True,True,True,False,False,True,True,True,False,True,True,True,True,True,True,True,True,True,True,False,True,True,True,True,True,True,True,True,True,False,['Infectious Disease']
I am a 30 year old male. I have sinus issue and severe cough in winter season. I also have hair fall problem. Kindly advise,it is important to get your sinuses and nose clinically examined for any conditions that might require treatment. some people also develop allergy and this happens more often in the winter season. to make a diagnosis of possible allergy a complete blood count (cbc) is suggested and high eosinophil count is an indication of allergy. if your severe cough is due to high eosinophil count then you should take particular medications to suppress the allergy. hair fall commonly occurs due to any stress and also if it runs in your family. for hair fall please consult a dermatologist and take a prescription for minoxidil 5 percent solution that can be applied in small amounts of 1 to 2 ml each day for hair growth. for further queries consult an internal medicine physician online --> <link>,141,True,True,True,True,True,True,True,True,True,True,True,True,False,True,True,True,True,False,True,True,True,True,True,True,True,True,True,True,True,True,True,True,True,True,True,True,True,True,True,True,True,False,True,False,True,False,True,True,True,True,True,True,True,True,True,True,True,True,True,True,True,True,True,False,True,True,True,True,True,False,True,True,True,True,True,True,True,True,True,True,True,True,True,True,False,True,True,True,True,True,True,True,True,True,False,['Infectious Disease']
"I have been suffering from throat pain, headache, weakness and sickness since last 2 days.
Age-21 years/ female. Give me advice",hi from your query i understood that you have simple viral infection causing the upper respiratory tract infection (urti). so you have to take tablet febrex plus three times in a day for 3 days. use saline gargling for throat pain. use steam inhalation if there is any nasal block. better to take an antibiotic also tablet levofloxac 500mg once in a day for 3 days. if there is no relief with this you have to do blood test and urine test. for further evaluation revert back to a general practitioner online --><link>,150,True,True,True,True,True,True,True,True,True,True,True,True,True,True,True,True,True,False,True,True,True,True,True,True,True,True,True,True,True,True,True,True,True,True,True,True,True,True,True,True,True,True,True,True,True,True,True,True,True,True,True,True,True,True,True,True,True,True,True,True,True,True,True,False,True,True,True,True,True,False,True,True,True,False,True,True,True,True,False,True,True,True,True,True,False,True,True,True,True,True,True,True,True,True,False,['Infectious Disease']
